Instance_ID,VM_Size_GB,EBS_Volume_Type,Provisioned_IOPS,Region,Snapshot_Age_Days,Restore_Time_Min
i-778e4f7efc0781a4,1176,io2,64000,us-west-2,132,53.3408
i-d0c9a1e55da3d09b,1509,gp3,16000,us-east-1,279,130.9144
i-f56c160df98e8a99,910,gp2,16000,eu-central-1,362,160.44533333333334
i-d573b57de7430649,1344,gp2,3000,us-west-2,84,191.9008
i-40644c9403df4c88,1180,gp2,3000,eu-central-1,242,185.3093333333333
i-4add0c87eeb3f1fe,1145,gp2,16000,eu-central-1,116,167.93066666666667
i-bee5f6bca4403810,1774,gp2,64000,us-west-2,109,253.11013333333335
i-29b43c2fc5dcb0cd,1094,gp3,3000,eu-central-1,221,96.78373333333334
i-274f5c333ab20019,1688,gp3,64000,us-east-1,41,119.33413333333333
i-bb16338a82a2504a,171,io2,64000,us-east-1,147,20.5368
i-e4656333a737cf8f,516,st1,16000,eu-central-1,112,231.35999999999999
i-d7f5a1b45d5dcdda,1288,gp3,16000,us-west-2,103,98.22746666666667
i-9cc4d03c7dcf0fc8,380,io2,16000,eu-central-1,46,17.570666666666668
i-8fae19450515c09d,1532,io2,16000,us-east-1,324,84.69226666666667
i-b59b28dab4054a77,137,gp3,3000,eu-central-1,271,36.452533333333335
i-97364216356c100e,1446,gp2,3000,eu-central-1,195,216.9272
i-6fdd4eca77e12a3f,1173,gp2,16000,us-east-1,280,188.1536
i-f9edcb2c8fc71a42,921,gp2,3000,eu-central-1,283,154.0472
i-7cc3c8a49da09943,1737,gp2,16000,eu-central-1,40,241.1584
i-47faaba1110e5e8a,180,gp2,64000,us-west-2,189,43.476
i-fa3543d3fd248723,1735,io2,64000,us-west-2,164,75.62133333333334
i-05493e47a8b1c20b,1382,io2,64000,us-east-1,24,49.572266666666664
i-f3d493d009b75c2d,819,gp2,16000,us-east-1,24,114.2208
i-dc389f66ab603e81,393,gp2,64000,us-east-1,4,54.0576
i-620a54d40a206da1,1565,gp2,3000,us-west-2,323,245.97466666666668
i-fd7237d5b626026c,1487,gp3,64000,us-east-1,290,130.51253333333335
i-d2df89dd4f6fda55,855,gp3,64000,us-east-1,181,76.468
i-1f02ab915f899360,435,io2,64000,us-east-1,248,39.648
i-26cc6e2279958de0,1265,gp3,3000,us-west-2,116,97.95733333333334
i-46618a281e23da02,1005,io2,16000,eu-central-1,279,62.20399999999999
i-ed98e0bb8ba4a9e5,326,st1,3000,us-east-1,69,145.99333333333334
i-5e423aa2aae0e26e,1234,gp2,16000,eu-central-1,351,203.58213333333333
i-3ec323b9e3f09f54,509,io2,16000,us-east-1,254,42.77386666666667
i-c6a5f1310a88ea8e,1387,gp3,64000,eu-central-1,181,112.78586666666666
i-6e05b32bc07c6d09,71,gp3,16000,us-west-2,318,36.64693333333334
i-d6a2db9d1e26a668,302,gp3,3000,us-west-2,169,37.516533333333335
i-15cb9eac635f500e,797,io2,3000,us-east-1,313,58.504266666666666
i-4e2c0e915e8a8ccd,906,gp3,16000,eu-central-1,249,86.7496
i-42df5c87756933aa,1634,io2,64000,us-west-2,188,74.57386666666666
i-9bfcd192c1ed0181,524,st1,64000,us-east-1,54,228.97333333333333
i-502e0878b213cae7,1132,gp3,3000,us-east-1,326,109.87786666666665
i-9ef25e5b104454ff,560,st1,64000,us-west-2,357,274.6333333333333
i-7e9ef707e1c45c09,1755,gp3,16000,us-west-2,313,151.108
i-1d9a1803661029e4,1549,gp3,16000,us-east-1,138,119.54506666666666
i-5a21d2fa4dab8fc7,749,gp3,3000,eu-central-1,168,67.93173333333334
i-5b505a87a288fec4,1025,gp2,16000,eu-central-1,103,150.24666666666667
i-d66f277e5409cbd8,1856,io2,3000,eu-central-1,85,71.85146666666667
i-053e00d47135a56c,239,gp3,16000,us-east-1,317,48.01573333333334
i-86b131e8c0075c17,1007,gp3,3000,us-west-2,212,89.94453333333333
i-f6d653dca0a4766f,736,st1,64000,us-east-1,3,314.32666666666665
i-b7354d9cd191f86d,1007,gp2,16000,us-west-2,179,155.38906666666665
i-eb965b26787bfe4a,612,gp3,16000,eu-central-1,342,75.97919999999999
i-a80068d750fac8d6,1949,gp3,3000,eu-central-1,303,163.35173333333336
i-f4a8a7a546dafb2b,1640,io2,3000,us-west-2,332,89.17866666666666
i-065b3ea652837711,1317,gp3,16000,us-west-2,38,93.7072
i-09b6324a3a78a5cb,881,io2,3000,us-east-1,239,53.97146666666667
i-73bb7462556ac72e,1578,io2,16000,eu-central-1,169,70.7624
i-deb2717a40499286,1204,gp2,64000,us-east-1,343,198.68613333333334
i-3850ba0177d4ef3e,1558,gp2,3000,us-east-1,314,244.11893333333336
i-2baa25012f7793f3,1892,gp3,16000,us-east-1,306,159.7605333333333
i-007cc92c2f30c08a,696,gp3,64000,eu-central-1,30,50.5136
i-e1f816cb31f062c7,70,gp2,64000,us-east-1,190,28.557333333333332
i-be8262da6044430c,890,gp3,16000,us-east-1,357,96.45733333333334
i-b1ab541de40dc018,216,gp3,3000,us-east-1,25,17.2456
i-4395de5752caa092,1347,gp3,16000,us-east-1,112,103.15520000000001
i-be234656abc50111,437,gp3,64000,us-east-1,206,50.43253333333334
i-70bd21736f34d7e1,650,gp3,16000,us-east-1,185,62.873333333333335
i-c126bf7169d993bb,365,gp3,3000,eu-central-1,47,29.61733333333333
i-5913141e7bf1f4dc,63,gp3,64000,us-east-1,228,27.1008
i-332dbac08976169a,291,gp2,16000,us-west-2,39,43.63119999999999
i-044160885ce32fdf,826,gp3,3000,us-east-1,16,57.98826666666667
i-5df9889272c176a7,1419,gp3,64000,us-east-1,22,99.0704
i-7dd5ec8e79699bd0,614,io2,3000,eu-central-1,213,42.25786666666667
i-b4ac7f1304d2cff0,947,gp3,64000,eu-central-1,310,95.64853333333333
i-65a16247393c5137,1413,st1,16000,us-west-2,149,617.78
i-0a357fd2c50f8615,141,gp3,3000,us-west-2,241,33.7256
i-73bfb9ea85444a1e,1440,gp2,64000,eu-central-1,272,223.808
i-9cbc9d09e055eddc,1005,io2,3000,eu-central-1,59,40.20399999999999
i-2d2611a6cb7004c7,1528,gp3,3000,us-east-1,287,133.01146666666668
i-96d8528b6eef9e42,1501,gp3,16000,eu-central-1,202,122.66826666666667
i-710a65f5614796e7,558,gp2,3000,us-west-2,32,79.38560000000001
i-a1b8ab80c1cfd647,825,gp3,64000,us-east-1,162,72.52
i-9f0b3df7aa72d882,84,gp3,64000,us-west-2,255,31.2344
i-63179004e9ee9b61,255,gp3,64000,us-east-1,254,42.80800000000001
i-c97610cc4aed73a3,1154,io2,64000,eu-central-1,9,40.28986666666666
i-592447a8663ca97a,1635,gp2,16000,us-west-2,139,237.132
i-eae7caf335b65e4c,1945,gp3,3000,us-east-1,10,133.77866666666668
i-cc03a169eb8f38bb,1461,gp3,16000,us-east-1,214,121.1376
i-68faafae43f94a52,1075,gp2,3000,eu-central-1,273,174.07333333333335
i-27c31cab005aa51b,1071,gp3,3000,eu-central-1,324,105.5136
i-3a4d1d74c3e31424,1463,gp3,3000,eu-central-1,48,104.67413333333333
i-3b92202a9d080b80,615,gp3,16000,us-west-2,111,53.084
i-2c79ec490124a859,1179,gp2,3000,us-east-1,153,176.27280000000002
i-4e738c8c40ae4c06,1845,gp3,16000,eu-central-1,123,138.252
i-47e1c2e2c66eb272,1895,gp2,64000,us-west-2,357,294.43066666666664
i-b5ba3cf33e597023,1550,io2,64000,us-west-2,102,63.10666666666667
i-90e144ffffc1a0ed,752,gp2,3000,us-west-2,241,126.77306666666667
i-64ae2fa84eac214a,451,gp3,16000,eu-central-1,321,62.88826666666667
i-4104fad8f9be55d8,779,st1,64000,eu-central-1,191,351.47333333333336
i-1471e0dfe8141043,1629,gp3,16000,us-east-1,217,132.90640000000002
i-a2e80f2f6aa1b0e8,211,st1,16000,us-east-1,51,95.12666666666667
i-b71b869aa952173b,251,gp2,3000,eu-central-1,292,63.46986666666667
i-7038e1c7b85335b7,1045,io2,64000,us-west-2,81,43.769333333333336
i-ec9281f551d3e8a0,319,gp3,3000,us-west-2,88,30.577066666666667
i-1feebaf3ec91438f,1936,io2,3000,us-west-2,194,85.48213333333334
i-20b1c93ec59cc88c,865,gp2,64000,us-east-1,104,128.50133333333332
i-3d1afa8cb7fd9fa8,1344,gp2,64000,us-west-2,271,210.6008
i-e61d4b465fa853ed,505,gp2,16000,us-east-1,96,78.54933333333332
i-73a32f658ca05532,1535,gp3,64000,us-east-1,198,124.58933333333333
i-62437cfef1963fdd,1800,io2,16000,us-west-2,1,61.540000000000006
i-d7c3108a22bbc07a,1325,io2,16000,us-west-2,167,61.92666666666666
i-e3991894f81f076f,1066,gp2,16000,eu-central-1,126,158.14453333333333
i-9707f3793fa59e96,1775,io2,64000,eu-central-1,313,91.88666666666667
i-4bd35e291325ce27,345,gp3,3000,us-west-2,81,31.652
i-b95790f82733e5fe,1798,gp3,16000,us-east-1,251,147.84346666666667
i-6c8dc051b150d6fe,769,gp2,3000,us-east-1,169,121.89413333333334
i-2135ac36ffc84fd2,1822,io2,3000,us-east-1,73,69.49093333333333
i-b60bc4ed977cda8f,387,gp2,64000,us-east-1,141,66.9384
i-7b7e6ef8df901161,928,gp3,3000,us-east-1,70,70.35146666666667
i-bb6f5424171ec969,1126,io2,3000,eu-central-1,262,64.63413333333332
i-2564564f2784fc6c,841,gp2,64000,us-west-2,340,148.82453333333333
i-f4b247773b171333,1995,gp3,16000,eu-central-1,308,166.99200000000002
i-d998b888741d0edb,266,gp2,3000,us-east-1,245,60.81786666666667
i-b930341a3b957e04,813,gp3,64000,us-east-1,3,55.800799999999995
i-b2c611cf7f2eea2c,237,gp3,3000,us-east-1,337,49.8792
i-5b9de4a0a37231c1,429,gp3,3000,us-east-1,63,35.5864
i-7e9382dd2639f343,542,gp3,16000,us-west-2,49,41.900533333333335
i-bc94d77113e8ea2f,1114,gp3,3000,us-east-1,76,83.64906666666667
i-e45b774bce857318,1230,gp3,64000,us-west-2,175,101.468
i-62b2925604803d37,64,io2,3000,us-east-1,109,13.084533333333333
i-89c9faa5f8d346dd,1886,gp3,16000,us-west-2,183,147.05093333333335
i-b6951c0dc17baa3f,114,gp3,16000,eu-central-1,192,26.982400000000002
i-020a75dc79e6eba4,1930,gp3,64000,us-east-1,65,138.25466666666665
i-bfd06e41e4d60577,1912,gp3,16000,us-west-2,337,164.22586666666666
i-5d7957f3823a336a,570,gp3,3000,eu-central-1,271,66.012
i-0374dfdf437071fa,1417,io2,16000,us-east-1,100,58.366933333333336
i-b5ce2200c31db8b1,1202,gp3,64000,us-east-1,32,85.25653333333334
i-811d7dd7563533f5,697,gp2,16000,us-east-1,352,130.36373333333333
i-d338734667c51462,1545,gp3,16000,us-west-2,128,118.27199999999999
i-20988c0cdf4ef325,1136,gp3,16000,us-west-2,339,111.45093333333332
i-02a1e8a1857f19ef,1212,st1,64000,eu-central-1,43,521.42
i-83fe1a350db717e4,1572,gp2,16000,us-west-2,78,222.43040000000002
i-056edec8d1518639,642,gp2,16000,us-west-2,314,119.0544
i-bb18d2e46a7b87c1,441,gp3,3000,us-east-1,289,59.0056
i-774d635f9fdc6627,1748,gp3,64000,us-east-1,270,146.33013333333332
i-53aa55e007cc582b,468,io2,16000,us-east-1,162,32.1744
i-2548fa661ac59bae,338,gp2,64000,us-east-1,189,65.04826666666668
i-061ec512544c23d9,428,io2,16000,us-east-1,247,39.309066666666666
i-8b7a2bad584b8257,1846,gp2,16000,us-east-1,216,273.64053333333334
i-c80a1ef1ac8024cf,1563,io2,16000,us-east-1,315,84.85040000000001
i-4cd78df29623657e,280,gp2,3000,eu-central-1,339,72.12933333333334
i-e9f661fcf5436145,1067,gp2,3000,eu-central-1,168,162.48106666666666
i-19b36919129cb9ac,90,gp3,3000,eu-central-1,339,40.044
i-c4d8b2e87b4df51f,1101,st1,64000,eu-central-1,193,489.06
i-d6c8e5d4a48bb646,184,io2,64000,us-east-1,283,34.580533333333335
i-3836084dc15c2237,250,gp3,3000,eu-central-1,336,50.66666666666667
i-7fdc0cef9f0fd4e6,1913,st1,64000,us-east-1,13,817.5133333333333
i-b89a5312d927b2b1,829,gp2,16000,eu-central-1,240,137.18613333333332
i-50ad5051e1fbee5d,979,st1,16000,us-west-2,320,449.7066666666667
i-423b7141e388e0d6,1106,gp3,16000,eu-central-1,147,90.20293333333335
i-401a5057dd576cfa,1121,io2,3000,eu-central-1,204,58.663466666666665
i-e057c909a4ef9fcc,552,io2,64000,us-east-1,80,26.841600000000003
i-903ee77c350eeb8f,456,io2,3000,eu-central-1,43,19.8648
i-eca11cf42726a4c3,1647,gp3,64000,us-west-2,89,121.3352
i-56fe486487d7110f,1801,gp3,16000,us-east-1,148,137.74826666666667
i-9e5dda627492fe2d,854,io2,3000,us-east-1,95,38.64986666666667
i-590dfc57afb48f36,148,gp2,64000,eu-central-1,151,35.30693333333333
i-4e0386e8849d0489,733,st1,64000,us-east-1,2,312.94666666666666
i-68613d074efff042,1945,io2,16000,us-east-1,22,68.58933333333334
i-17b342774b17e7ff,775,gp2,3000,us-east-1,313,137.11333333333334
i-61d365266129f114,1620,io2,3000,us-east-1,328,88.096
i-2e4be9d15b606490,1010,gp3,3000,us-east-1,7,69.64933333333333
i-abe6b4899b2163d3,1812,io2,16000,us-east-1,206,82.4496
i-750b1585198cb687,662,io2,3000,us-west-2,114,33.99626666666667
i-80c0f7ab10502027,1535,gp2,16000,eu-central-1,272,236.77866666666665
i-e31a8b5128057d57,692,gp3,16000,us-west-2,83,55.54053333333333
i-81451fe9c7e23168,1842,st1,16000,us-east-1,179,803.8199999999999
i-2ad81d54a89315b4,1078,gp3,64000,us-east-1,210,94.59146666666668
i-c8fcf4c3c917567c,1291,gp3,3000,eu-central-1,328,120.93226666666666
i-1750905fb92adb53,552,gp3,3000,us-west-2,124,50.083200000000005
i-8dca290e0d87e8cb,816,gp3,16000,eu-central-1,113,67.0056
i-bfa084af45f22d64,447,gp3,16000,us-west-2,12,31.7152
i-3d5c34c48326e26e,920,gp3,3000,us-east-1,126,75.40533333333335
i-4e6a1a274b126046,844,gp2,16000,eu-central-1,53,120.53413333333333
i-fccac067d83b6f65,442,gp3,3000,eu-central-1,331,63.27386666666666
i-2ff266aeb78e941a,256,gp2,64000,us-east-1,283,63.25253333333333
i-37d938dc24a9566c,1088,gp2,16000,eu-central-1,140,162.54826666666668
i-255456eb3e5c93b5,1931,gp2,3000,us-west-2,97,273.34586666666667
i-d14eeebde2d0a173,1627,gp2,16000,us-west-2,5,222.63973333333334
i-6cec221d0d2645d6,941,gp3,3000,us-west-2,57,69.93893333333334
i-9d1368145bfcd503,1534,gp3,3000,us-west-2,334,138.12106666666668
i-e3605fb8f2176e53,1764,io2,16000,us-east-1,69,67.1112
i-c2248629ade60e9b,1648,gp2,64000,eu-central-1,118,236.80693333333332
i-a7446af31ee3cb2f,913,io2,3000,us-west-2,59,37.06373333333333
i-96317168b1f06db6,792,io2,3000,us-east-1,33,30.3336
i-6b6c12c65e3c2878,1314,gp3,3000,eu-central-1,318,121.5024
i-40aa74be3eb4265a,613,st1,64000,eu-central-1,50,266.5466666666667
i-ccc041041b9a6003,1070,st1,64000,us-east-1,19,458.43333333333334
i-55351fe33798172d,145,gp2,16000,us-east-1,214,41.19733333333333
i-6ae5c32f4f93f764,1973,gp3,64000,us-west-2,197,154.39013333333332
i-660e0efd05384578,1807,st1,16000,eu-central-1,47,775.6866666666666
i-552df57b39d0336c,534,io2,16000,eu-central-1,167,34.9272
i-d0cef0eb4cb01dca,1480,gp2,64000,us-east-1,289,230.96933333333334
i-33ae496eba2870b6,280,io2,16000,eu-central-1,141,23.657333333333334
i-ca92543c7ee1e014,798,io2,64000,us-west-2,84,35.638400000000004
i-1d35473269ff5335,1728,io2,16000,eu-central-1,182,77.1824
i-aac702738c9938b2,1244,io2,64000,us-east-1,79,50.361866666666664
i-83af8ed3e780d304,590,io2,64000,us-east-1,215,41.638666666666666
i-6dfb0aee94ae7057,1109,gp2,16000,us-west-2,14,152.81546666666668
i-5a6d1d3defa4d28d,574,gp2,3000,us-west-2,215,99.87013333333333
i-f290cf878546d5d3,1233,gp3,16000,eu-central-1,128,96.9728
i-8405436608e2778e,1912,st1,64000,eu-central-1,310,846.7866666666666
i-31324118d193c81f,1772,gp3,3000,us-east-1,248,145.76853333333335
i-8a69fdf1542a8c1d,1316,gp3,16000,us-west-2,29,92.73893333333335
i-536c65622436e866,1159,gp3,16000,us-west-2,280,107.12106666666666
i-173400cf6f4c70ab,1869,gp3,16000,us-west-2,338,161.3904
i-5c0938a90acb201d,627,io2,3000,eu-central-1,319,53.3016
i-27ac9aaa6036d471,731,io2,64000,us-west-2,202,45.151466666666664
i-3879468e610fc3a7,606,gp3,16000,us-east-1,361,77.4696
i-26876862f933e67e,1647,gp3,16000,us-east-1,57,118.1352
i-0bae48c6c052122d,1062,gp3,16000,eu-central-1,218,94.2992
i-ecac2a6cca65d115,695,gp3,16000,eu-central-1,62,53.64533333333333
i-5787f838a36a98d7,845,gp3,16000,us-west-2,157,73.38533333333334
i-b9dd63e3543fdd20,1101,gp3,64000,eu-central-1,202,95.3616
i-d53d17152e727676,1693,gp3,64000,us-east-1,17,117.27546666666667
i-462effd75ef4b992,1629,gp2,16000,us-west-2,322,254.6128
i-36566608e22c1cf5,1413,gp2,3000,us-east-1,6,193.5216
i-93d7d88af8b9c1be,1871,gp3,64000,us-west-2,58,133.52693333333335
i-e33b78e32c9bb84a,1404,gp3,3000,eu-central-1,325,128.3464
i-1efaf6bbc35e655a,1713,gp3,64000,us-west-2,318,148.7408
i-7e4618cf6fc82843,1579,io2,16000,us-west-2,169,70.79653333333333
i-cab0f40f56dc5dc5,1421,gp3,64000,us-east-1,82,105.20693333333334
i-eea1807949979ff6,1546,gp2,16000,us-east-1,219,232.98053333333334
i-bf17a89aa35b05e5,1304,io2,64000,us-west-2,177,62.20986666666667
i-898933260721e905,239,gp3,16000,eu-central-1,204,36.71573333333333
i-7689744b4c076c62,1298,io2,16000,eu-central-1,71,51.40506666666667
i-7d5116fa2572cf23,1458,gp3,16000,us-east-1,266,126.1328
i-d10adbc273e96c1b,1450,st1,16000,eu-central-1,98,628.4666666666666
i-4b458f0ddd8553fd,1356,io2,3000,us-east-1,345,80.7848
i-36fdd788e9c9a89b,682,io2,16000,eu-central-1,291,52.378933333333336
i-0e2d77e8462c926b,677,io2,3000,us-west-2,208,43.90826666666667
i-787626f7788dd651,1022,gp2,3000,us-east-1,2,139.73706666666666
i-ce7bebb38bbbda76,1818,gp2,16000,us-east-1,124,260.6176
i-7b0dd7a53313a89f,1332,io2,3000,us-west-2,280,73.4656
i-feaec8f602200c25,1432,gp3,64000,us-east-1,74,105.15786666666666
i-a36f1b11c9c9bdf2,759,io2,16000,eu-central-1,166,42.5072
i-1976dfbd47cfc45f,1529,gp2,3000,eu-central-1,22,210.95946666666666
i-298dca2677c91499,1484,gp3,16000,us-east-1,154,116.70773333333334
i-89bbf77462258d86,698,gp3,16000,eu-central-1,295,77.15013333333333
i-66023f3749bfabc1,367,gp3,16000,us-east-1,219,46.95386666666667
i-e2de85723d4b59ac,1750,gp3,3000,us-west-2,157,135.16666666666666
i-c8435988b7810647,1298,gp3,64000,us-east-1,230,111.61013333333334
i-7d5c9042a46a01eb,1892,gp3,64000,us-west-2,20,131.16053333333332
i-af3326957615bf09,1307,gp3,3000,eu-central-1,41,93.32453333333332
i-2c271bd9b7f78076,733,gp3,16000,us-west-2,148,64.83946666666667
i-3fc194ff1162d9aa,713,io2,3000,eu-central-1,108,35.13706666666667
i-0e8a54f9ec027e05,1900,gp2,3000,us-east-1,84,267.8133333333333
i-f9fa5b0210760855,1447,gp3,3000,eu-central-1,322,130.9818666666667
i-daa755d0ae81c0e4,1745,gp3,16000,us-east-1,309,150.02533333333335
i-43aa1f7ed4b80f4d,1681,io2,3000,us-east-1,290,86.37813333333334
i-42c92f7565f4d946,1545,gp3,16000,us-west-2,323,137.772
i-8fef7122a714a1d1,1306,io2,3000,us-west-2,134,57.97813333333333
i-72ba8d33ba348760,1765,st1,64000,us-west-2,207,773.7666666666668
i-2efc2fb87facf70a,1186,gp3,3000,us-west-2,283,109.26426666666666
i-00c2df763b5d540f,1903,gp2,3000,eu-central-1,266,286.42293333333333
i-2f37c7a4de79e0b1,1570,gp3,64000,eu-central-1,73,114.47866666666667
i-8b89cb1176d90e03,491,gp2,16000,eu-central-1,352,102.23786666666666
i-97751c1dbfcd8e81,613,gp3,16000,us-east-1,48,46.64746666666667
i-5c7b4968ab4c9016,1341,st1,3000,eu-central-1,326,604.76
i-058b35e6b4cbc45a,1583,gp2,64000,eu-central-1,233,239.43226666666666
i-063d4407f474340a,1880,gp2,16000,eu-central-1,100,266.68266666666665
i-ce4dc601a545a54a,1459,gp2,3000,us-west-2,59,205.10213333333334
i-f122de998b0d83bf,1460,io2,64000,eu-central-1,258,75.63466666666666
i-7b282dfbe9a57703,1186,gp3,16000,us-east-1,65,87.46426666666666
i-bf7d55c260b13f27,1686,gp2,16000,us-west-2,83,238.4952
i-39f00f987e095e27,1698,st1,64000,us-east-1,154,739.88
i-d733eb2314571de3,1001,io2,64000,eu-central-1,266,60.767466666666664
i-56ffa6a0610d3f5a,1154,gp2,64000,us-west-2,309,188.45946666666666
i-8e5ef64ef6d745c6,748,gp3,64000,us-east-1,79,58.96346666666666
i-6d5d2aa1aa4761bf,162,io2,3000,eu-central-1,315,37.0296
i-3b6a42c8842640a1,51,gp3,64000,us-east-1,150,18.4816
i-669ec47d0b8733ea,691,gp2,16000,us-east-1,48,99.14453333333333
i-20f190226ad8e64c,269,gp2,16000,us-east-1,248,61.52746666666667
i-b1988b1a1a942faa,1639,gp2,3000,eu-central-1,278,251.57813333333334
i-20a7807189a22cde,904,io2,16000,eu-central-1,356,66.45653333333334
i-6fd1b45adaddea89,1809,st1,16000,us-east-1,98,781.64
i-3d1e9f8471d8dc8d,1298,gp2,64000,us-west-2,25,179.72026666666667
i-4a53ea4fd0850b09,434,gp2,16000,us-west-2,284,87.65546666666667
i-bf8fed2f07c25fcf,1476,gp2,3000,eu-central-1,301,231.6232
i-3efb1ad2e16fa430,1711,gp2,64000,eu-central-1,68,240.40853333333337
i-18802bfd20255a65,1203,io2,64000,eu-central-1,7,41.76240000000001
i-e9ce73c108203139,1126,gp3,3000,eu-central-1,305,107.36826666666666
i-c012f51e767a7b72,1757,gp3,64000,eu-central-1,137,133.64453333333333
i-5b5a4dedf1bd2991,779,gp2,64000,us-west-2,164,122.75946666666668
i-fde2991820e5fb82,1745,gp3,3000,eu-central-1,83,127.42533333333334
i-1326de5903cc5d1c,1783,gp3,64000,us-east-1,138,135.51946666666666
i-43be9ffd7261bcd8,1489,io2,3000,us-east-1,73,58.12453333333333
i-8454286348c0b64f,296,gp2,3000,us-west-2,237,64.11386666666667
i-29d73ecd3e3766f0,885,io2,16000,us-east-1,46,34.808
i-83264fbd64da9e4c,1512,gp3,16000,us-west-2,106,113.8192
i-b8ace343d26144e6,252,gp2,64000,us-west-2,288,63.2064
i-c85a578d56102a33,1257,gp3,64000,us-east-1,262,112.0112
i-06d752acef4b1a1c,172,io2,3000,eu-central-1,176,23.470933333333335
i-90a9203110e9d26e,450,st1,64000,us-east-1,166,208.6
i-9cba4e6ee3cf5eb2,816,gp3,3000,us-east-1,145,70.2056
i-91cde8cbda632310,343,gp3,3000,us-west-2,330,56.41546666666667
i-644a72cf6b95f840,329,st1,64000,us-east-1,283,168.67333333333335
i-87b3e98c57bb5222,1910,gp3,3000,us-west-2,54,135.78933333333333
i-4876e4e94fd37efe,933,gp2,16000,eu-central-1,178,145.18560000000002
i-9b779fec6cbb861e,1683,st1,64000,eu-central-1,244,742.48
i-ef32a794d21cd121,247,gp2,16000,eu-central-1,341,67.82373333333334
i-2698f117edb622d7,1031,gp3,64000,us-east-1,127,83.08293333333333
i-87a78519a577a16f,1980,gp2,3000,us-west-2,271,297.43600000000004
i-661015def51ef329,1584,gp2,64000,eu-central-1,132,229.4688
i-d55c039b7dd337e5,801,gp3,16000,us-west-2,93,63.9816
i-155637062454a12a,193,io2,3000,us-west-2,73,13.887733333333333
i-6bb129a880d9bcc6,658,gp2,64000,eu-central-1,248,114.63893333333334
i-8ef6de9b1e6bab70,1274,gp2,64000,eu-central-1,348,208.74346666666668
i-d1f4d65fde76c3fc,1197,gp2,64000,us-west-2,273,190.73040000000003
i-e47740d0cce5c752,236,gp3,16000,eu-central-1,43,20.410933333333332
i-b5ae0c06fb482c0f,1399,st1,16000,us-west-2,41,601.0066666666667
i-64d0c3568996c00a,513,gp3,64000,us-west-2,170,52.0208
i-14cb91b8a8fb7099,1422,gp3,3000,eu-central-1,212,118.2752
i-3d399e0450e6b5f9,1844,io2,3000,us-east-1,168,79.74186666666667
i-e5e5328146465dab,709,gp3,16000,eu-central-1,39,52.301066666666664
i-edc6d21cd6599908,813,gp2,3000,us-east-1,245,135.5016
i-5bd475d95855f8bf,1004,gp2,16000,us-west-2,151,152.17946666666666
i-3b2bdce182e7e70f,452,gp3,64000,us-west-2,111,41.95653333333334
i-607c94b35d0d8a8e,1419,gp3,16000,us-east-1,47,101.5704
i-fa9ade4fa0401c5c,1584,gp3,16000,us-west-2,63,114.4344
i-2fb6e11fc2302b10,196,io2,64000,us-east-1,225,29.190133333333335
i-bf05fbb5855ed832,1221,gp3,3000,us-east-1,69,90.2536
i-1bee98d868b9fa59,913,gp3,16000,us-west-2,299,92.22746666666667
i-3a3b5705aaee8e0c,1784,gp3,16000,us-east-1,290,150.78773333333334
i-ac664080b01aeec3,1893,gp3,64000,eu-central-1,296,158.8288
i-d193765da827fa3b,538,io2,3000,eu-central-1,203,38.66373333333334
i-1280064ef305c7ae,978,gp3,16000,us-west-2,61,72.86479999999999
i-b2296b9f1b547f38,1713,gp2,64000,us-west-2,318,265.6816
i-8ff908e760c65910,600,io2,16000,us-east-1,314,51.88
i-15926448aa1bfd2b,387,gp3,64000,us-east-1,161,42.5192
i-4718311981b77dee,921,gp3,3000,us-east-1,331,95.9736
i-7263aeca6f48b669,690,gp3,3000,us-east-1,16,48.704
i-0be9d52f15e16da6,1852,gp3,3000,eu-central-1,338,160.22986666666668
i-236e3c35549d448f,522,io2,3000,eu-central-1,94,27.217600000000004
i-80ce6ee671e587cc,200,gp2,16000,us-west-2,304,57.70666666666667
i-ae85fd97abb54bb8,1488,gp3,16000,us-east-1,138,115.3808
i-9ce08992bf1197be,1371,gp2,3000,us-east-1,338,220.9872
i-81ea0a3851271d63,1684,io2,3000,us-west-2,38,61.28053333333333
i-a309315efbca79f3,312,gp2,3000,us-east-1,127,55.2984
i-7a64b2de67929d16,1837,io2,16000,us-east-1,275,90.20293333333333
i-99282211647cce54,193,gp3,3000,us-east-1,164,29.57546666666667
i-12dfa38df84dac6e,395,io2,3000,us-east-1,319,45.382666666666665
i-a85f8be832a4140b,673,st1,3000,us-east-1,77,294.84666666666664
i-d880c291e382798c,1066,io2,64000,us-west-2,174,53.78613333333334
i-5d73ed729d0a1452,1645,io2,3000,us-east-1,358,91.94933333333333
i-9225a700982e9b28,930,gp3,64000,us-west-2,321,95.58800000000001
i-7a68c6d31c82ae63,51,gp3,64000,us-east-1,91,12.5816
i-e5e3f1a57944e653,946,gp2,3000,eu-central-1,238,152.96053333333333
i-f546524048de6843,1377,gp2,64000,eu-central-1,264,214.40640000000002
i-0185e15343418252,303,gp3,3000,eu-central-1,179,38.5848
i-c95cb7445d705797,1725,gp3,16000,eu-central-1,209,138.66
i-2e43731305087439,502,gp3,16000,us-west-2,73,41.56986666666667
i-acb8ba6c9dfeb04a,1110,gp3,16000,us-west-2,107,86.47600000000001
i-2ab4c7de89f877a7,1233,io2,16000,us-east-1,345,76.5864
i-ff7cfe186f7ec9bf,1064,gp3,64000,eu-central-1,295,102.13573333333333
i-40fb59cfd8756750,58,io2,3000,us-west-2,284,30.379733333333334
i-9e14a377bc2fbfab,1306,io2,3000,us-east-1,353,79.87813333333334
i-5fb263d35ac6316d,1172,st1,3000,us-east-1,182,518.2533333333333
i-f094c95ef30b4f7f,1732,gp3,16000,us-west-2,37,121.93786666666666
i-fded2d1c36aef297,865,io2,16000,eu-central-1,137,43.22533333333333
i-5e36581d5892ab80,257,st1,3000,us-east-1,338,143.45333333333335
i-04bd237569d80fc7,1204,st1,16000,eu-central-1,56,519.3066666666667
i-59f314ffc4a434a8,453,gp2,3000,eu-central-1,187,80.5496
i-ff610b590736c48b,201,gp3,3000,eu-central-1,341,47.821600000000004
i-34384d37120938c0,103,gp3,3000,us-east-1,258,32.831466666666664
i-33b40469edcb4af5,1193,gp2,3000,eu-central-1,58,168.68426666666667
i-9c19141f36e149d0,1746,gp3,3000,us-east-1,363,155.49360000000001
i-b571b54082b9a05b,1993,io2,3000,eu-central-1,123,80.32773333333333
i-23989ed77f6dc5c7,677,io2,3000,us-east-1,188,41.90826666666667
i-fc30ced1c74049b5,636,gp2,16000,eu-central-1,230,109.8352
i-11148024f4add563,1698,io2,3000,us-west-2,168,74.7584
i-d959618491d0e3c5,1493,gp3,3000,eu-central-1,114,113.32213333333334
i-4c49ce0f7961a055,1495,io2,16000,eu-central-1,252,76.22933333333333
i-4059016419f9cadd,153,st1,16000,us-east-1,107,75.98
i-1f00edec81a39823,1925,gp3,16000,us-east-1,37,135.11333333333332
i-dfddca03692bbb9c,303,gp3,3000,eu-central-1,335,54.184799999999996
i-8016744281cd4cdf,1300,io2,64000,us-west-2,92,53.57333333333334
i-2cd961f257e7a71a,1185,gp3,64000,us-west-2,18,82.696
i-017fb1afe82e57f5,559,gp2,16000,us-east-1,354,111.72213333333335
i-ec3b7fb6c6b879ac,1546,io2,64000,us-west-2,63,59.07013333333333
i-f8d660090d424a4b,148,gp3,16000,eu-central-1,150,25.103466666666666
i-2697a9faef2047f5,202,io2,3000,us-east-1,139,20.794933333333333
i-3ed87949487c2e74,1934,gp3,64000,eu-central-1,186,150.6277333333333
i-1f0a3b5606ee912f,963,io2,3000,us-east-1,185,51.3704
i-9ac78e0d44236369,1969,gp2,64000,us-east-1,205,289.33413333333334
i-206575836e390a47,927,st1,3000,us-east-1,260,421.52000000000004
i-162a9957418741ad,387,io2,64000,us-east-1,214,34.6096
i-266b726dd5a9e5df,1779,gp2,3000,us-west-2,256,268.4928
i-e25ce2d88495c7b5,871,gp3,3000,eu-central-1,135,72.96026666666667
i-e4dc878576052e29,1236,st1,64000,eu-central-1,61,533.46
i-23981b2d0639b612,1793,gp3,3000,eu-central-1,363,158.70213333333334
i-76dd3641f1b93000,1006,gp2,3000,us-east-1,310,168.35253333333333
i-90ec5f8294cf40f6,1754,gp3,3000,us-west-2,88,128.53973333333334
i-de380ec3ddc7e691,210,gp3,64000,eu-central-1,324,46.736
i-ea9d8363c4a4a8cd,1653,io2,64000,us-west-2,207,77.1224
i-ba081264fb5217f7,850,gp3,3000,us-east-1,129,70.92666666666666
i-d001c0787b3f51bc,447,gp3,3000,eu-central-1,311,61.6152
i-c1d9fa7bbcb0e8f1,1350,gp2,64000,us-west-2,3,184.62000000000003
i-08623975c4da845c,865,gp3,64000,us-east-1,242,83.25066666666666
i-a65b5848dbf7c4f0,1989,gp3,3000,us-west-2,121,147.8824
i-10806f05c0cab7dd,1577,gp2,3000,eu-central-1,102,225.51306666666665
i-1269d27e898fecba,1969,st1,3000,eu-central-1,38,843.9066666666666
i-fd4f77d4f3a46901,1465,gp3,16000,us-east-1,341,134.11066666666667
i-9ed7e45fcd7d5c9b,1208,gp3,64000,us-east-1,133,95.76613333333333
i-97b335d5e219371f,1268,io2,16000,us-east-1,202,63.48106666666667
i-6c63639c1ff870b3,450,gp3,64000,us-west-2,348,65.52000000000001
i-82934375969a50ec,689,io2,64000,us-west-2,21,25.617866666666668
i-3373d8c4050085a6,1106,gp3,64000,us-west-2,242,99.70293333333335
i-cf251bd7c0d22c7c,737,gp2,64000,us-east-1,109,111.52506666666667
i-8f1a3d70df197ad2,509,gp3,64000,eu-central-1,303,65.04773333333334
i-2cee36fc652295d2,1004,gp3,64000,eu-central-1,84,76.93973333333334
i-31b4345668ec3aa7,1956,io2,64000,us-west-2,83,75.06479999999999
i-68ec9592b0ac2d4c,519,gp2,16000,us-west-2,291,99.9608
i-3aac0a81ff7b80a0,1448,gp2,3000,eu-central-1,69,204.60026666666667
i-580699d850a54b34,1095,gp2,3000,eu-central-1,129,162.404
i-2ba9cb1520fdf8a2,799,gp2,16000,us-west-2,196,128.69013333333334
i-e3e41667ba8c4501,1743,io2,16000,us-west-2,140,73.49440000000001
i-e4ebb90da1f8ec5b,87,gp2,16000,eu-central-1,283,40.178399999999996
i-a01a31b4c849e784,279,gp3,16000,us-east-1,312,50.24640000000001
i-b51e8532682503d3,1438,gp3,64000,us-west-2,234,121.56746666666668
i-183cce5c45ea4674,612,gp3,3000,eu-central-1,23,44.07919999999999
i-5e9512bcdb8703e0,487,io2,64000,eu-central-1,153,31.922933333333333
i-eee5146dd8ea14a7,1849,gp3,3000,eu-central-1,277,153.92506666666668
i-8f53df1332df867e,1356,io2,3000,eu-central-1,61,52.384800000000006
i-9898a17071b9f2ba,76,gp3,16000,us-east-1,319,37.08826666666667
i-2ded0aa4e57a38f1,275,gp3,64000,eu-central-1,52,23.973333333333333
i-0766c015ff32d490,1350,st1,16000,us-west-2,344,610.4
i-fcad69dc658a3cbe,847,gp2,64000,us-east-1,153,130.94373333333334
i-7a8b9d26431f575d,1682,gp2,3000,eu-central-1,237,253.34906666666666
i-0b288b7dc5b0d907,333,io2,16000,us-east-1,311,42.4664
i-8610c31393719a90,928,gp2,16000,us-west-2,302,156.90293333333335
i-6fba1c1f6c7d87b6,1009,io2,3000,eu-central-1,32,37.64053333333333
i-0f083fdd51d379a3,1554,gp3,3000,us-west-2,55,111.5864
i-4680b126ecf0f50f,502,st1,3000,eu-central-1,352,249.38666666666666
i-1d166f69a2af828c,1069,io2,16000,eu-central-1,36,40.08853333333333
i-f4f1a64479e00ec5,1902,gp3,64000,eu-central-1,110,140.8432
i-c4f726a0b764880d,865,st1,16000,eu-central-1,177,386.76666666666665
i-b86925ad99a8a0da,708,gp3,64000,eu-central-1,362,84.53280000000001
i-70b4d5c088d1f4e0,1589,st1,16000,us-east-1,314,709.3733333333333
i-2015658ccbdc3e4d,596,gp2,16000,eu-central-1,295,110.87386666666666
i-13d2c6158311854d,1265,gp3,3000,eu-central-1,336,119.95733333333334
i-73a853c748be4add,1122,gp2,64000,us-east-1,97,162.8904
i-c52c797cfffe96ad,1585,gp3,16000,us-east-1,213,129.50266666666667
i-db2ef8d9605efe30,66,gp2,16000,us-east-1,317,40.711200000000005
i-08b76912dd21e5aa,1245,io2,3000,us-east-1,137,56.196000000000005
i-b44bef6f263a89b4,1293,io2,3000,us-east-1,6,44.7344
i-cfef6efc512b24b1,207,st1,64000,us-east-1,109,99.22
i-c5df35b97a17782c,526,gp2,16000,eu-central-1,35,75.31653333333334
i-efc143a51721af15,1119,gp3,64000,eu-central-1,39,80.2904
i-ce994abda2a4f54a,1446,gp3,16000,us-west-2,150,113.7136
i-a99918871668a398,567,gp3,64000,eu-central-1,118,50.5072
i-c901f7b58f1a5428,148,gp3,3000,eu-central-1,261,36.20346666666667
i-65498281d3a6a903,1965,gp3,16000,us-east-1,87,142.844
i-c0799faea95fab56,1818,io2,64000,us-east-1,76,69.6544
i-c6f5faf7c393fc76,1110,gp3,3000,eu-central-1,313,107.07600000000001
i-4131665e5d4c3f0c,329,gp3,3000,us-west-2,214,43.85973333333334
i-2e90ded0b5d74d5e,1422,gp2,64000,us-east-1,285,222.6504
i-ba068a13d2ffe92e,546,gp2,16000,eu-central-1,239,98.44720000000001
i-ab917232abbcfb45,351,gp2,16000,eu-central-1,165,64.4232
i-dba39e81963af0e9,230,st1,3000,us-west-2,87,106.83333333333334
i-44eb3ff5ab37fe6f,656,gp2,16000,us-west-2,141,103.66586666666666
i-a261232cfa747af5,1172,gp2,16000,us-east-1,160,176.01706666666666
i-00e7e0726bc8631c,749,gp3,16000,us-west-2,46,55.73173333333334
i-0fbfa4456a5b4afe,1042,io2,3000,eu-central-1,112,46.766933333333334
i-5171ae03dfbbf636,1189,st1,64000,eu-central-1,45,511.8066666666667
i-37564b3dbc5226c2,240,io2,16000,us-west-2,247,32.892
i-8f0ba0de52dfac54,302,gp3,3000,us-west-2,104,31.016533333333335
i-03a851e7ea445ca3,1030,gp3,3000,us-west-2,85,78.81466666666667
i-779802e2137e79d9,977,gp2,64000,us-west-2,134,146.79306666666668
i-2d20cfb06bcbcf6e,1234,st1,16000,us-east-1,108,537.3066666666666
i-b5afdf62ed8ae359,1329,io2,16000,us-west-2,18,47.163199999999996
i-5ae8b55e4ad410d4,1396,gp3,64000,us-east-1,94,104.70026666666666
i-8633e9bbef467bca,177,io2,64000,eu-central-1,150,21.0416
i-8453b0d5bf37610c,67,io2,3000,us-west-2,246,26.886933333333335
i-804812b97d50283e,1866,gp3,3000,us-east-1,289,156.28560000000002
i-d148f0c681d553ec,1808,st1,64000,us-west-2,209,792.3133333333334
i-6782dec2ca4ec648,615,st1,16000,eu-central-1,126,275.0
i-553f89e5f148d313,619,gp3,3000,eu-central-1,235,65.75706666666667
i-0a0b211724c7ffca,1396,gp3,3000,eu-central-1,122,107.50026666666666
i-2d535cee91dd8cf0,1945,gp2,16000,us-west-2,138,279.3573333333334
i-b0f55cfa93608b60,735,gp3,3000,us-west-2,115,61.676
i-b3ac47aa3669faec,1865,gp2,16000,us-east-1,162,270.8346666666667
i-a72428d64656529f,675,gp3,16000,eu-central-1,201,66.18
i-dcac75af756c5f1a,1361,st1,16000,us-west-2,234,604.0933333333332
i-7fa2fafdc6ee7cca,903,gp3,64000,eu-central-1,28,64.4448
i-570f6a57851adc50,1736,gp3,64000,eu-central-1,11,119.61093333333332
i-26c5e7c4ed540b00,1011,gp3,64000,us-east-1,206,89.61759999999998
i-c31c004a0745c4a2,1712,gp2,16000,us-east-1,167,250.44506666666666
i-3059f31645b73c8a,204,io2,16000,us-east-1,247,31.663200000000003
i-d3e61898dd825256,539,gp2,64000,us-east-1,47,78.29146666666668
i-82ec415a2fffbe6b,1459,gp2,3000,eu-central-1,246,223.80213333333333
i-f2787ea32331443a,834,gp3,16000,us-east-1,127,69.6344
i-a69e9c0894da5765,1177,io2,3000,us-east-1,147,54.87493333333334
i-5d28c1c745822c27,1466,io2,3000,us-east-1,118,61.83946666666667
i-164daf5a5a6d2f2b,1884,gp2,16000,us-east-1,152,272.42879999999997
i-82ff87c74c9fb2e9,295,gp3,16000,eu-central-1,72,27.338666666666665
i-0ae31572e4034a2a,1249,gp3,3000,us-east-1,363,121.56506666666667
i-956151cbe8be877c,1112,gp3,3000,eu-central-1,137,89.61253333333335
i-dee77288d85f89c2,1550,gp3,64000,us-west-2,175,123.31333333333333
i-f8e44e145ca7934e,1755,gp3,64000,eu-central-1,289,148.708
i-c10005255953f22e,808,gp3,16000,eu-central-1,19,57.059466666666665
i-c8a045a0fb12b2fa,587,gp3,64000,us-east-1,195,59.57253333333333
i-3e67e1f373d87313,1940,io2,64000,us-west-2,330,99.21866666666666
i-99072d781fd6d93a,1891,gp3,64000,us-west-2,175,146.59226666666666
i-19c89e28d3b43240,970,gp3,64000,us-west-2,354,101.61866666666666
i-6cfb0882f1bbe7b9,457,gp3,3000,us-west-2,141,45.297866666666664
i-b0ab1f2ddcf5bad1,574,gp3,16000,eu-central-1,246,63.785066666666665
i-9ab89c7fc48f06ad,877,io2,64000,us-west-2,93,39.23493333333333
i-6df75a303a2b4a16,1579,gp3,3000,eu-central-1,239,131.69306666666665
i-abea45d569a4c4e3,952,gp3,3000,eu-central-1,205,85.48986666666666
i-e042a97d208dde8c,1898,io2,3000,eu-central-1,48,69.58506666666666
i-d4fcbfd88856402b,85,gp3,64000,us-west-2,245,30.302666666666667
i-b33f965ff0b3c747,734,gp3,64000,us-east-1,320,82.10773333333333
i-7eafb118591d7cfe,69,io2,16000,us-east-1,317,34.055200000000006
i-4aedfaceb3e5e409,370,gp3,64000,us-west-2,295,54.75866666666667
i-f2e0565267a5c307,1849,gp3,64000,us-east-1,128,139.02506666666667
i-57337e0683b7903a,561,st1,3000,us-east-1,344,273.76
i-ec622c8e1ebddf37,449,gp2,16000,eu-central-1,282,89.50346666666667
i-f368e0c1f83a6db9,703,gp2,64000,eu-central-1,17,97.68293333333332
i-bc87c44593343553,1021,gp3,64000,us-west-2,71,76.80026666666666
i-9333bfdcd997c2b6,1956,st1,3000,us-west-2,269,861.4599999999999
i-7dfc4701c37c254f,520,gp2,3000,us-east-1,325,103.49733333333333
i-b5146b3b628790dc,1216,gp2,64000,eu-central-1,282,194.22453333333334
i-f30459a0201ffd21,1165,gp2,16000,us-west-2,305,189.56133333333335
i-58c55fdd80156578,1427,gp2,16000,us-west-2,7,195.53306666666666
i-20b591b44886befe,883,gp2,3000,us-west-2,314,151.95893333333333
i-c21d0bb0f8980891,1873,gp3,3000,us-west-2,305,158.36346666666668
i-51463b99c3073b7a,776,gp3,64000,us-west-2,103,63.27493333333334
i-0dea4706eb524bfe,903,gp2,3000,us-west-2,309,154.1896
i-9ae787b9d278d082,100,gp3,64000,us-east-1,193,26.12666666666667
i-3829186a771d2c2a,1738,gp2,16000,eu-central-1,241,261.3949333333333
i-bc1ff2c15ed0d7ea,1771,gp3,16000,eu-central-1,62,127.10026666666667
i-41a8f4912e4a628a,624,gp3,64000,us-west-2,17,44.2984
i-0c50fe436f204696,1263,io2,3000,eu-central-1,171,60.2104
i-500efec42ac0dd52,1198,gp2,16000,eu-central-1,25,166.06693333333334
i-14a885c3dcd3da45,199,gp3,3000,eu-central-1,251,38.68506666666667
i-99148f6611fd6757,363,gp2,16000,us-west-2,253,74.8616
i-86ce8dbda95d2c14,619,io2,64000,us-west-2,207,41.82853333333334
i-283d6cf5bd7a1b88,1415,io2,64000,eu-central-1,29,51.19866666666667
i-77c19d65293bd54b,354,gp3,64000,eu-central-1,117,35.8664
i-102a17260080415d,1765,gp2,16000,us-west-2,282,269.1813333333333
i-e3b96c2f4a37d9a9,731,st1,3000,us-east-1,144,326.2933333333333
i-bc20467ee066ebbf,887,gp2,3000,eu-central-1,25,123.60506666666667
i-cbb1ed4dd2859066,1856,gp2,3000,us-east-1,310,284.40586666666667
i-ce3693cb5f9a4409,1127,gp3,16000,eu-central-1,156,92.53653333333332
i-684325d8e629b118,1052,gp2,16000,us-east-1,73,150.9330666666667
i-296d5086b24fe93c,493,st1,16000,us-east-1,120,222.34666666666666
i-f184700180f91190,662,io2,16000,us-east-1,312,53.79626666666667
i-982a818a1bf4db4b,1042,gp2,16000,us-west-2,321,174.36773333333332
i-6ecdcd77faf6341c,313,gp3,3000,us-east-1,93,30.667466666666666
i-63a7e65afca8b343,1126,st1,16000,us-east-1,86,489.02666666666664
i-cb7efdbafdffe04c,1645,io2,16000,us-east-1,336,89.74933333333334
i-3327d9f7c88b525b,1053,gp3,3000,eu-central-1,364,108.28479999999999
i-23143051156f51c0,1693,st1,16000,us-east-1,118,734.1466666666666
i-a73b794dbc19dae9,54,st1,3000,eu-central-1,233,46.34
i-61e4a0c284205a3e,1176,io2,3000,us-east-1,199,60.040800000000004
i-72dc4ee37863042f,1269,gp2,64000,us-east-1,206,193.86079999999998
i-45873359ec8150a5,823,gp3,64000,us-west-2,339,90.08346666666665
i-9e582c96ff46a74b,926,io2,64000,eu-central-1,147,46.30746666666667
i-ce2f88fb089b2f40,1041,gp2,64000,us-east-1,271,169.23119999999997
i-ce014caad0f17114,933,io2,16000,eu-central-1,139,45.7464
i-090e75bda2d25340,1423,gp2,64000,eu-central-1,181,212.38693333333333
i-a6b7fee1c4e78f9e,96,gp2,3000,us-west-2,30,16.1072
i-4d682d0589437b15,916,gp3,16000,us-west-2,57,68.23226666666667
i-54606a16722f9db8,872,gp2,64000,us-west-2,232,142.25706666666667
i-e0569daed212d848,985,st1,3000,us-west-2,146,434.8666666666667
i-e13a7ff393a5c2c0,1893,io2,16000,us-west-2,48,69.4144
i-1f0109d6cfdef572,705,io2,16000,us-west-2,194,43.464
i-27d2974b5d18eb17,318,gp3,64000,us-west-2,224,44.1088
i-7efc2cc08c3558d6,419,gp2,16000,us-west-2,136,70.80746666666667
i-485ea78937460a7c,685,gp3,3000,us-east-1,22,48.96266666666667
i-c1b2918665a6d035,1179,gp3,16000,eu-central-1,6,81.0864
i-79ad03cb2201df22,1743,gp3,3000,us-west-2,204,139.3888
i-422adceda7af63ff,1732,gp2,16000,us-west-2,239,260.3757333333333
i-68918efdb35b86b5,706,gp3,64000,eu-central-1,185,66.69626666666667
i-acba0dac84268a65,169,gp3,3000,us-east-1,360,47.53706666666667
i-290ff9fb47279125,880,st1,16000,eu-central-1,292,404.66666666666663
i-ae09015c50c1a481,1860,io2,16000,eu-central-1,335,96.988
i-04dc88a3c79ffa30,1677,gp3,16000,us-west-2,220,136.4832
i-0384696300b7b233,1131,gp3,3000,eu-central-1,116,88.80959999999999
i-f425b4cb8d2c3966,1419,io2,3000,eu-central-1,313,79.7352
i-e8ef4cfa087a67c9,790,gp2,3000,us-west-2,49,112.76133333333334
i-7996edf070977ecf,1547,io2,64000,us-west-2,173,70.10426666666666
i-8e761f81635ebb85,166,io2,64000,us-west-2,82,13.866133333333334
i-9d27002cec5ac9c5,1903,gp3,3000,us-west-2,322,162.11146666666667
i-e1964e373ced6620,840,gp3,16000,eu-central-1,333,90.644
i-df1a30a1fa4a9978,1200,gp2,64000,eu-central-1,45,168.34
i-7f803bf21e1970f5,1466,gp3,3000,us-east-1,335,133.57893333333334
i-1271e6e5a233185f,1981,gp2,16000,us-east-1,20,272.47253333333333
i-5ef120c9bdbe3bdf,1062,io2,64000,eu-central-1,221,58.3496
i-6fa880854f4abf1d,1714,gp2,16000,us-east-1,123,246.31813333333335
i-b41846e481238844,1131,gp3,16000,eu-central-1,234,100.6096
i-e5b74e44bb506ce0,683,st1,16000,us-east-1,221,313.5133333333333
i-93f8d899f21b16dd,562,io2,16000,us-west-2,323,51.482933333333335
i-675157bb4e9f970f,1824,gp2,64000,us-east-1,339,282.9368
i-60eb9420a7915451,851,gp2,64000,us-west-2,3,116.48986666666666
i-04744faae8a99c34,1169,gp2,64000,us-west-2,182,177.80746666666667
i-e6d6676275c3d872,1711,gp3,3000,us-west-2,206,137.40426666666667
i-c3085f6738d53730,1191,gp2,64000,us-west-2,320,194.6112
i-5a1a22df4c4ba886,609,gp3,16000,us-east-1,40,45.5744
i-74ba66a094819c87,1674,st1,64000,eu-central-1,59,720.14
i-1241d1643ee2d974,537,gp2,16000,us-west-2,62,79.51840000000001
i-447ae36f15ae9497,1310,io2,3000,us-east-1,132,57.91466666666667
i-1e6049227cf2b70d,1958,st1,16000,us-west-2,60,841.4133333333334
i-f276f3368c6708c8,946,gp2,16000,us-east-1,331,162.2605333333333
i-e31a0d25017d0b89,1345,io2,16000,us-east-1,122,58.10933333333333
i-39c54431bc7cfb15,1262,gp3,3000,us-east-1,107,96.85253333333334
i-0d3f6ed81f5faf28,753,st1,64000,eu-central-1,96,330.88
i-1548ca447dfba0c2,1520,gp3,64000,us-east-1,347,138.46533333333332
i-92359194c86ff248,630,gp3,3000,us-east-1,235,66.50800000000001
i-89d844b133ff25f9,839,gp3,16000,eu-central-1,62,63.47573333333333
i-0cdbb2f7c80fe118,910,io2,64000,eu-central-1,256,56.66133333333333
i-da41cbd7ee66c709,296,io2,3000,us-east-1,49,15.003466666666666
i-a3884b39fab905f7,1149,gp3,64000,eu-central-1,348,113.23840000000001
i-ab7f44c78f40b3b9,203,io2,3000,us-west-2,159,22.82906666666667
i-4f9dddb85b417828,1729,gp2,16000,us-west-2,124,248.46613333333335
i-ca5a0c9bb3acfb52,1508,gp2,64000,eu-central-1,317,237.59226666666666
i-b923724dae3406f3,1046,gp2,3000,eu-central-1,207,163.51386666666667
i-2001aed95364e440,1159,gp3,64000,us-east-1,48,83.92106666666666
i-12ba32b5ee2d5bd0,746,gp2,64000,eu-central-1,136,115.45386666666667
i-05357c05efa66b2f,1358,st1,64000,us-east-1,201,599.5133333333334
i-fab7419c53640d5d,1293,gp2,64000,us-west-2,250,201.5376
i-08dbe9de4e457493,1142,gp3,3000,eu-central-1,314,109.36053333333334
i-5057a68f2e72e3c3,1120,gp2,16000,us-east-1,357,188.61733333333336
i-acefcc070ab43c55,1058,io2,3000,us-east-1,318,67.91306666666667
i-cccb1ef0b25d178d,143,st1,3000,us-west-2,295,90.51333333333334
i-00dd962f3e06cb53,1823,gp3,3000,eu-central-1,314,155.85013333333333
i-c27ba4fe8e1bba69,1007,io2,16000,us-west-2,209,55.27226666666667
i-bcdc7c0389db10e1,1061,gp2,64000,us-east-1,355,180.36186666666666
i-8c4ae8626dcce142,502,io2,64000,us-east-1,211,38.23493333333333
i-71234f2660496b5b,1277,gp2,64000,eu-central-1,192,193.55306666666667
i-32c8d1450000d46a,961,st1,16000,us-east-1,44,414.4266666666666
i-e183714df33f2760,267,gp2,64000,eu-central-1,29,39.3544
i-93eabd2380583f0b,523,gp3,16000,us-west-2,59,41.60346666666667
i-6321208641e5eb68,481,io2,64000,eu-central-1,71,23.518133333333335
i-c3e5adc8c5b640a1,390,gp2,64000,eu-central-1,92,62.44800000000001
i-351b5c1c892abf3c,600,gp2,3000,us-east-1,265,108.42
i-630ec61cad39bae2,1685,gp2,16000,us-east-1,220,252.05866666666668
i-7a4ebfb7639299ee,1362,gp3,3000,eu-central-1,215,114.4792
i-bdf075bb952079f8,1327,gp3,3000,us-east-1,277,118.28986666666667
i-1e0a5af6d26f5475,1807,gp2,3000,us-east-1,64,253.11573333333334
i-8cd96a19eaf3d37c,406,gp3,16000,us-east-1,346,62.31626666666667
i-470b47778fba5b27,72,gp2,16000,eu-central-1,292,39.0304
i-ef31f63e091b3559,1835,io2,64000,us-east-1,245,87.13466666666667
i-bffae94768fd5aa3,571,gp2,3000,eu-central-1,62,84.16053333333333
i-c9c08bd23cba1734,1831,gp2,64000,us-east-1,332,283.19253333333336
i-049cf3ebf0ce83b0,1910,gp2,3000,us-west-2,170,277.77866666666665
i-64c6799a77c0dbd8,1173,gp3,16000,us-east-1,269,106.97680000000001
i-c5bdf7b4dcad3edb,851,io2,16000,us-east-1,267,55.74746666666667
i-5bd490b7af5040e1,1253,gp3,16000,eu-central-1,54,90.93813333333333
i-ba2aea957fb1b326,1296,gp2,3000,eu-central-1,16,178.5472
i-92191d21e411e16d,1979,io2,16000,us-east-1,8,68.34986666666667
i-7e3074b30e7287ef,811,io2,3000,us-west-2,104,38.08213333333334
i-89993fb8f1fec06c,1732,gp2,64000,us-east-1,59,242.37573333333333
i-e2cca1af27858f9d,491,io2,3000,us-east-1,313,48.059466666666665
i-7cc00e12039f9dfa,1681,st1,64000,us-west-2,40,721.2266666666667
i-4984b9e5a0d84ab2,818,gp2,3000,eu-central-1,237,135.38426666666666
i-92648a0f49caffc6,1065,io2,64000,us-east-1,94,45.751999999999995
i-334d6dfe0696da1c,1398,io2,16000,eu-central-1,222,69.91839999999999
i-0a234112fc1c7f90,565,gp3,64000,eu-central-1,204,58.97066666666666
i-e829f8684c18c089,1089,gp2,16000,us-west-2,138,162.4848
i-a5003237a54d5e05,841,gp2,16000,us-west-2,300,144.82453333333333
i-eb3809e64d012ae4,385,io2,64000,eu-central-1,207,33.84133333333334
i-217d878eab2d4e09,1832,st1,3000,us-east-1,336,815.2533333333333
i-f734d26adfeb9f86,307,gp3,3000,eu-central-1,81,29.05786666666667
i-9a96680f1bc46311,546,gp3,3000,us-east-1,218,59.0736
i-786bc96c1e0cc591,945,gp3,3000,us-east-1,2,64.712
i-d24e6ce080050f93,209,gp3,3000,us-west-2,178,32.06773333333334
i-8697d1217aef8ec0,1548,gp3,16000,us-east-1,346,140.2768
i-865b63e9c7efeb7d,901,gp2,3000,us-east-1,279,150.91653333333335
i-f26e8487e2348d2a,1737,io2,16000,eu-central-1,146,73.8896
i-386a84cfe6a881ea,1981,gp3,16000,us-west-2,318,167.03626666666668
i-52b4352549bd3873,739,io2,16000,us-east-1,224,47.62453333333333
i-fd5f91b4fcdb616f,1748,gp2,64000,us-east-1,62,244.86026666666666
i-c837e47e1948166b,429,gp2,64000,us-west-2,294,87.9728
i-f7a4591dbef036ba,1618,gp2,16000,eu-central-1,239,244.81093333333337
i-3ab87bea371a909c,1006,gp3,64000,us-west-2,195,88.17626666666666
i-62afcce738fe9814,740,st1,3000,us-west-2,166,332.33333333333337
i-97943c575fe60c80,1500,gp2,3000,us-east-1,222,227.0
i-e2e2ae2b712c6b64,1686,io2,16000,us-east-1,61,63.6488
i-7f5307b46d126988,1341,gp3,3000,eu-central-1,129,104.4456
i-dc883fd91c9a30d0,1908,io2,16000,us-east-1,173,82.4264
i-f51ed2a3f1ddf893,1650,gp2,16000,us-east-1,156,240.88
i-4b7391aef1aa79bd,1490,io2,3000,us-west-2,110,61.858666666666664
i-9a4e49b945500057,1241,io2,64000,us-east-1,269,69.25946666666667
i-d41e373d39826911,1915,gp2,3000,eu-central-1,356,297.0613333333334
i-7e54190aeeba2722,1116,gp2,3000,us-west-2,278,180.17120000000003
i-e66ee28e5bb532a8,1629,io2,16000,eu-central-1,74,63.0032
i-a598cc5d88909baf,334,st1,16000,us-west-2,207,163.20666666666665
i-d386cda8b5507019,446,gp2,16000,us-east-1,279,88.79386666666667
i-fdf5c2c8f021932a,61,io2,16000,us-west-2,326,34.68213333333333
i-16fa3533950484de,1680,st1,64000,us-west-2,340,750.8
i-7a824106417e94b4,1375,io2,64000,us-east-1,357,82.63333333333333
i-5d58953418c5ca73,1971,st1,64000,us-east-1,340,874.9599999999999
i-17b1e88645f1215d,1326,io2,16000,eu-central-1,204,65.66080000000001
i-68b8f5345a4a5454,548,gp3,16000,eu-central-1,161,53.510133333333336
i-4a234362363e54e6,803,gp3,16000,us-east-1,28,57.61813333333333
i-aafb5bbf92bf8b98,84,gp3,64000,us-east-1,257,31.434400000000004
i-d583e8001d8d64e8,776,io2,16000,us-east-1,165,42.98746666666666
i-28ad933d9639f474,898,io2,3000,us-west-2,63,36.95173333333334
i-f1786ab7dee62955,139,gp2,3000,us-west-2,22,21.178133333333335
i-f29b70b7198102fd,825,io2,16000,us-west-2,70,35.16
i-667a5a572bf99e99,654,io2,3000,us-east-1,96,31.9232
i-1b16fe1c9bf8ebba,1995,gp3,3000,eu-central-1,163,152.49200000000002
i-9f191922bc5e2200,1019,gp3,64000,us-east-1,79,77.46373333333334
i-f95366cd739b1d41,1675,gp3,16000,us-west-2,5,114.84666666666666
i-3078b11899ce3366,1071,gp2,16000,us-west-2,316,177.82719999999998
i-62fe57bb480e3ac0,467,gp2,64000,us-east-1,120,75.76106666666666
i-1f73800e340816ab,164,gp2,3000,us-east-1,302,52.59146666666667
i-3320d4cffb97244a,666,gp2,3000,us-west-2,178,108.7312
i-3e07e9887d264a93,1976,gp3,16000,us-west-2,176,152.49493333333334
i-c280c2869bf6fec1,1269,gp3,3000,us-west-2,217,108.3304
i-6283c6cedc577b9d,875,gp2,64000,us-east-1,56,125.06666666666666
i-17976e96997376ba,1574,io2,64000,us-west-2,187,72.42586666666666
i-22f71041010e79b3,1699,gp2,16000,us-west-2,232,255.17013333333335
i-23cbb8f06e406661,1566,st1,64000,eu-central-1,255,693.66
i-85226169299b8b0d,1148,st1,64000,us-east-1,104,500.2133333333333
i-d1c790bba7d66b78,462,gp2,16000,eu-central-1,77,70.7784
i-f01539eeda29bd4c,1449,gp3,64000,eu-central-1,230,121.9184
i-02f54c08ad2a0e46,1493,gp2,64000,us-west-2,258,229.64426666666668
i-dbd38feb52ee1508,778,gp3,64000,us-east-1,264,79.51146666666666
i-79ea8cd1e1def5e9,1350,gp3,3000,us-west-2,331,125.26000000000002
i-e0ee466a29831364,1070,gp2,16000,us-east-1,182,164.29066666666665
i-66310a196f9c85cc,810,gp3,16000,eu-central-1,256,80.89600000000002
i-28934abc5df6a18f,725,gp2,16000,us-east-1,38,102.78666666666666
i-e84d2933cd02f7d9,1467,gp2,3000,us-west-2,176,217.89440000000002
i-25f0eefdb34a3493,1942,gp3,3000,us-west-2,27,135.27386666666666
i-a761ca6ec9269169,506,gp3,16000,us-west-2,276,62.14293333333333
i-8161ff32b407f5cf,969,gp3,3000,us-east-1,140,80.1504
i-04f0fb1c88fc162c,241,gp3,16000,eu-central-1,299,46.352266666666665
i-c7333c30e70b9da7,788,st1,3000,eu-central-1,287,364.9133333333333
i-0a0307f10dfb2047,1762,gp2,64000,us-east-1,91,249.67173333333332
i-ca7f6dd4bd98c10e,1172,gp3,64000,us-west-2,61,86.10853333333333
i-74aa5772a3d7cf01,1621,gp3,16000,eu-central-1,347,145.3602666666667
i-ff87a9fb15d65780,1027,gp3,3000,us-west-2,163,86.40986666666666
i-845c4924cf0ad543,1058,st1,3000,us-east-1,351,486.5133333333333
i-2e2d7b77d2ef8b9f,145,io2,64000,us-west-2,143,19.249333333333333
i-d10fad379396be08,1737,gp3,64000,eu-central-1,253,143.8792
i-d57a1aad6fb989d5,712,io2,3000,eu-central-1,269,51.202933333333334
i-81616b089fa27b08,1263,st1,3000,us-west-2,291,567.98
i-2457a583ea364a58,1809,st1,3000,us-east-1,187,790.5400000000001
i-77e316f5c45eb967,86,io2,3000,us-west-2,304,33.33546666666667
i-6d18a205829cf223,1853,io2,3000,us-east-1,291,92.34906666666666
i-8c8c0ab462a869cb,1442,gp2,3000,us-west-2,86,205.48106666666666
i-c1917914255d7eb9,1768,gp2,16000,eu-central-1,166,257.9909333333333
i-76cc297590e3e522,1598,gp3,3000,us-east-1,114,120.49013333333335
i-69f92dbb4e6a2be0,328,gp2,64000,us-east-1,356,80.38293333333334
i-6c08f2ab742b4c82,266,gp3,16000,us-east-1,183,36.458933333333334
i-dff7800f070acc04,916,gp2,3000,eu-central-1,207,145.76453333333336
i-4a6bc8f26d770fb5,922,gp3,64000,us-west-2,256,88.54186666666666
i-688352b12427170c,1871,io2,16000,eu-central-1,235,87.36346666666667
i-ab401ed646e7ff81,1346,st1,64000,us-east-1,355,609.7933333333333
i-37c76864706cb165,1954,gp2,3000,us-west-2,3,267.08613333333335
i-a4bd33d301f5b44a,111,gp3,3000,eu-central-1,208,28.3776
i-b34166d6929cbe9c,645,io2,3000,us-east-1,197,41.71600000000001
i-362b21a423102e96,1953,gp2,3000,us-east-1,341,300.74960000000004
i-0226821d7cb59b44,778,io2,16000,eu-central-1,125,39.055733333333336
i-483e2460a0a96d02,1415,gp3,16000,eu-central-1,138,110.39733333333334
i-aabbd731d9c2fc3e,446,gp3,64000,eu-central-1,339,64.34693333333334
i-7a9a1581dc304be1,748,st1,3000,us-east-1,25,321.64666666666665
i-994a1feac9de7ce6,1092,gp2,64000,eu-central-1,68,155.89440000000002
i-2fa37fabe36581df,226,gp3,16000,us-east-1,61,21.528266666666667
i-b8c49049c11e0147,1685,io2,3000,eu-central-1,29,60.41466666666667
i-af609aa580e33d46,445,gp2,3000,us-east-1,19,62.657333333333334
i-1f612ad961474896,494,gp3,16000,us-east-1,171,50.82373333333334
i-deb3add618db5687,1306,st1,16000,us-west-2,74,564.6266666666667
i-40257c773f04447a,1988,gp2,16000,eu-central-1,61,277.5282666666667
i-d8d4086f5145dee8,125,io2,16000,eu-central-1,153,19.566666666666666
i-1158b4a41866573a,314,gp3,16000,us-east-1,276,49.03573333333334
i-07546ada3b9c22a2,504,gp3,3000,us-east-1,48,39.2064
i-4baf9a92498e8256,1869,gp3,16000,us-east-1,211,148.6904
i-1d6f10f9af5c8947,767,gp2,3000,us-west-2,343,139.02106666666668
i-bf3998514e734477,784,st1,3000,us-west-2,139,348.4066666666667
i-c2999ada29bbaeac,1457,st1,16000,us-east-1,110,632.6533333333333
i-0127ad46e4379985,1637,gp3,16000,eu-central-1,183,130.05253333333334
i-9143a79c962dca8d,900,io2,3000,eu-central-1,28,33.52
i-f256a83879e688b8,1579,gp3,16000,us-west-2,197,127.49306666666666
i-7d4fc228f0fc95e2,1440,gp3,16000,us-west-2,191,117.404
i-eefae3c17624b5f1,193,gp3,16000,us-east-1,315,44.675466666666665
i-7b326a1623e3fc02,934,gp3,64000,eu-central-1,51,68.86106666666667
i-c70c7ccbe4676909,1142,gp3,3000,us-east-1,149,92.86053333333334
i-e2c97d3f1847dbf0,1172,io2,64000,us-west-2,268,66.80426666666666
i-9f870c768baaa88d,445,gp3,16000,eu-central-1,50,35.37866666666667
i-0ad320417a689a45,1098,gp2,64000,eu-central-1,246,174.5136
i-7993835cef5c12db,997,gp2,16000,us-west-2,113,147.42373333333333
i-0b766972ba218019,940,gp3,64000,us-east-1,170,81.17066666666666
i-51563a00077c4c3b,1542,io2,16000,us-east-1,166,69.2336
i-66c6f981b56dd269,1557,gp3,64000,eu-central-1,14,107.6912
i-1c56a2331de72538,1638,gp3,64000,us-west-2,203,132.1208
i-fcdb1f9e6fe9753d,1224,gp3,64000,eu-central-1,288,112.35839999999999
i-cd38b110956c50b9,1217,gp3,3000,us-west-2,189,101.98053333333334
i-4359a6fd93116133,618,gp3,64000,us-east-1,155,57.6888
i-ca587df32f9d7262,1112,gp3,3000,us-west-2,55,81.41253333333334
i-90e82c9f66ae0ced,158,io2,16000,us-east-1,182,23.593066666666665
i-9a2c06ef5f544958,1766,io2,64000,us-west-2,210,81.27946666666666
i-7accafd21267dd04,1115,gp3,16000,eu-central-1,75,83.61733333333333
i-d920649e852c27b2,1259,gp2,16000,us-east-1,277,199.59546666666665
i-3ae8d6ce9480ea58,984,gp2,64000,eu-central-1,133,147.64880000000002
i-7f9b709b398b3662,447,gp2,3000,eu-central-1,343,95.3304
i-44a1aaf0dedb2753,1296,gp3,64000,us-east-1,59,94.37360000000001
i-ac0a0a7c4dff11f1,683,gp3,16000,us-east-1,345,81.12613333333334
i-d83662137c091b2c,1206,gp3,16000,eu-central-1,182,100.5296
i-c9e72bec1d693e25,1236,gp3,64000,eu-central-1,339,118.2776
i-3837c1b8df2ca21d,1288,gp2,3000,eu-central-1,321,207.95493333333334
i-afc1de73e3f0daaf,782,gp3,3000,eu-central-1,64,59.784533333333336
i-867583fe091d7211,284,gp2,16000,us-east-1,327,71.47546666666668
i-7c71a489efc620db,1916,gp3,16000,us-east-1,260,156.79893333333334
i-d58d802284643f05,707,gp2,3000,eu-central-1,193,115.82906666666666
i-5f03069532ca05e3,800,io2,64000,us-west-2,143,41.60666666666667
i-2e4a4929018cbba6,637,gp2,16000,us-west-2,104,97.37173333333334
i-76c336adb4fd84fb,1082,st1,3000,us-east-1,214,483.05333333333334
i-e65a06680f2fdb49,1147,gp3,16000,eu-central-1,242,102.50186666666667
i-a875e55211248310,1003,io2,64000,eu-central-1,209,55.135733333333334
i-2fbd4ed10fd8c312,541,gp3,3000,us-east-1,93,46.232266666666675
i-9258833795aafd22,962,io2,16000,us-west-2,142,47.03626666666667
i-867af357289ae61e,1326,io2,64000,us-west-2,112,56.460800000000006
i-76fab3a23634bb1e,1303,gp3,16000,us-west-2,59,94.85146666666667
i-a6b8b5b8a75a9d48,1592,gp3,64000,us-east-1,43,112.98053333333334
i-7c0b0f12f0981487,1247,gp3,64000,us-west-2,207,105.82853333333334
i-42e3141b9f0451fb,1726,gp3,3000,us-east-1,268,144.62826666666666
i-26bf803f589efc74,1241,gp2,64000,us-east-1,296,199.03786666666667
i-6bf65823f0dea261,219,gp3,16000,eu-central-1,118,26.7504
i-2b03c2997ddcbd2c,1466,gp3,64000,us-west-2,20,102.07893333333332
i-68f27b96159355bb,995,gp3,64000,us-east-1,222,90.12533333333333
i-77116bc3ebb81599,844,io2,3000,us-west-2,166,45.40853333333334
i-3f00f8cb08568f9f,683,gp3,64000,us-west-2,131,59.72613333333334
i-006e699deb58cf5c,1267,st1,64000,eu-central-1,156,556.1866666666667
i-c0260174506b0842,1590,gp2,16000,us-west-2,184,235.48800000000003
i-ae2cc997b11d985b,78,gp3,3000,eu-central-1,90,14.3248
i-ef23502115fcee07,1238,gp3,3000,us-east-1,94,93.91413333333334
i-7e95749be8929611,1495,gp3,3000,us-west-2,13,103.35866666666666
i-53fcef38f567365c,388,io2,64000,us-east-1,322,45.443733333333334
i-b44c5f74ba43c0bb,1721,gp2,3000,us-west-2,293,264.27386666666666
i-d1ca68004e979e27,1569,io2,64000,us-east-1,230,76.5552
i-5dd691e4b9608483,1438,gp3,64000,us-west-2,322,130.36746666666667
i-af5e0c583569df71,1906,gp3,16000,us-west-2,292,159.31626666666665
i-9027227371a0c1c9,1415,gp3,16000,us-west-2,26,99.19733333333333
i-bf3056307b445594,549,gp3,16000,us-west-2,75,44.9784
i-8d8645e2a790e3d2,1730,gp3,16000,us-west-2,364,154.50133333333332
i-25b1c029cb2db339,560,gp3,16000,us-west-2,299,68.12933333333334
i-b76a569c8bce5aaa,1400,gp2,64000,us-west-2,150,206.14666666666665
i-3933395ae452d9e4,266,gp3,64000,us-west-2,148,32.958933333333334
i-da1357822435d2b5,1374,gp2,3000,us-west-2,8,188.3968
i-b96be95c89a61a49,1205,gp3,64000,us-east-1,29,85.16133333333335
i-2fa5934084547a8d,1877,gp3,64000,eu-central-1,296,157.73653333333334
i-07e3b1061918b251,1143,gp3,16000,us-west-2,209,98.92880000000001
i-34783953ef40ca0e,1325,gp3,64000,eu-central-1,128,103.25333333333333
i-161d746297d19183,1488,gp2,16000,us-west-2,340,237.1616
i-2740bdc418c21c38,1860,gp3,3000,us-west-2,116,138.57600000000002
i-d661568fd2951efb,494,gp3,3000,us-east-1,144,48.123733333333334
i-96994b79aed7164f,925,gp3,64000,us-east-1,318,94.94666666666667
i-894d7dba24f87f0a,1255,io2,3000,eu-central-1,235,66.33733333333333
i-34c29717d0797882,216,gp2,64000,us-east-1,7,30.1912
i-60b0d61b37fb41b6,140,gp3,3000,us-east-1,45,14.057333333333334
i-d01b4f2a1ec58750,763,gp3,16000,eu-central-1,239,75.98746666666666
i-a7979b8a77b5385d,1931,gp3,16000,us-east-1,155,147.32293333333334
i-6f6fa7aec7de08de,1604,gp2,16000,us-west-2,181,237.09946666666667
i-7b9d0ebf01c6f54f,88,gp2,16000,eu-central-1,215,33.51493333333333
i-7c9139a718fed583,1199,io2,64000,eu-central-1,88,49.725866666666676
i-9fc2110c43de3272,1524,gp3,3000,us-west-2,256,129.6384
i-6aa6e139bcd830a4,222,gp3,64000,us-east-1,73,22.4552
i-46110b9d18925fdc,702,gp3,16000,eu-central-1,179,65.8232
i-814a2089c49ae292,803,gp3,64000,eu-central-1,212,76.01813333333334
i-ee455962e3d8b6f3,1293,gp2,3000,us-west-2,293,205.8376
i-18ad696bb4f07551,1711,gp3,64000,us-west-2,234,140.20426666666668
i-d6fd197365d1cb9e,1131,gp3,3000,us-east-1,239,101.1096
i-4e6e2e4cc6bf0a10,1733,st1,64000,eu-central-1,223,761.7133333333334
i-e033d4f48d57a190,525,gp2,3000,us-east-1,119,83.58000000000001
i-674e2aee4d93b15c,505,gp3,3000,us-east-1,313,65.77466666666666
i-6035ee3b99a01616,878,gp3,16000,us-west-2,264,86.33813333333333
i-55dc1c125131f720,944,gp3,3000,eu-central-1,207,85.14373333333333
i-9ca3d68132c1d861,1434,gp3,16000,eu-central-1,95,107.39439999999999
i-e4b9b95f281e0411,1074,gp3,16000,eu-central-1,222,95.51840000000001
i-53daa093d0eb4826,436,io2,16000,us-west-2,276,42.48213333333334
i-befc318b41667d67,397,io2,64000,us-west-2,231,36.650933333333334
i-2d0441a0377f67d0,239,gp3,64000,us-west-2,309,47.21573333333333
i-8650b9ee4c5ff3a5,554,io2,64000,us-west-2,119,30.80986666666667
i-53fac9c50afb31c1,1264,gp3,64000,us-west-2,268,113.08906666666667
i-75732ef5a5af605a,1581,gp3,3000,eu-central-1,273,135.2296
i-7c1a8e3363ca6ca0,1442,gp2,3000,us-east-1,64,203.28106666666667
i-ffdd21a4ff72c5d2,1482,st1,64000,eu-central-1,298,662.1199999999999
i-0254b966453edf37,873,gp2,3000,us-east-1,350,154.1936
i-dd1b0a94c8dc5685,978,gp2,3000,us-west-2,11,134.62959999999998
i-e697aef31d38052a,983,gp2,16000,us-east-1,98,144.01226666666668
i-fc7e7b2dc0751b33,1190,gp3,16000,eu-central-1,71,88.33733333333332
i-4ba19e001afd224a,183,gp2,16000,eu-central-1,364,61.3856
i-080499d12180b3f2,107,gp2,16000,us-east-1,58,20.409066666666668
i-6723858d1e5f4f54,1629,gp2,3000,us-west-2,290,251.4128
i-116f72876ca2f37b,734,gp2,64000,us-west-2,251,125.31546666666668
i-f478d85013aab3bb,721,gp3,3000,eu-central-1,276,76.82026666666667
i-d8585c1e9340b39d,222,gp3,3000,us-east-1,50,20.1552
i-c970b08d76b2e376,1902,gp3,3000,us-west-2,358,165.6432
i-4acefb2bbe4685dc,864,gp3,16000,us-west-2,216,80.5824
i-a10643536931ff3b,1222,gp3,16000,eu-central-1,52,88.62186666666666
i-0fd99a24862dc927,129,gp2,16000,us-west-2,271,44.7128
i-8e6e8352cd58fa1a,935,gp3,64000,us-east-1,84,72.22933333333334
i-50a739cdc6ff21b3,1286,st1,3000,eu-central-1,293,577.9933333333332
i-998c2883ba40ab05,252,gp3,64000,eu-central-1,126,29.8032
i-33eea552a6d12ccf,813,gp2,16000,us-east-1,296,140.6016
i-723662ce72924a2e,1302,gp3,64000,eu-central-1,72,96.0832
i-da1ea1d5719e70e7,1749,gp3,3000,us-west-2,296,148.9984
i-563d431b8b9115e8,1300,gp3,3000,us-west-2,236,112.34666666666666
i-35ab566e0a708658,1732,gp2,16000,us-east-1,56,242.07573333333332
i-117027e86d93796c,1605,gp2,16000,us-west-2,360,255.136
i-125084883bb5bffa,1514,gp2,64000,us-east-1,110,217.71146666666667
i-9e9ee65bdaefa447,1475,st1,16000,us-east-1,192,648.5333333333334
i-4e3538b09a6c2035,96,io2,16000,us-west-2,93,12.5768
i-ca577587d2a66d67,1306,gp2,3000,us-east-1,350,213.31253333333333
i-a26dcb1f79ca58b1,1378,gp2,16000,us-west-2,56,193.74293333333333
i-521a14c116e5052c,1599,io2,16000,eu-central-1,60,60.5792
i-add14a4717c07e6e,1216,gp2,3000,eu-central-1,138,179.82453333333333
i-6216eae0cc6aef4b,1488,gp2,3000,us-east-1,39,207.0616
i-f2499fbf1c420611,1586,st1,64000,us-west-2,28,679.4933333333332
i-8eeb131b039d1cbf,1446,gp2,16000,us-west-2,49,202.3272
i-756fe9720b724335,1639,gp3,3000,eu-central-1,125,124.38906666666666
i-6f31060816b79680,1959,st1,64000,eu-central-1,13,837.14
i-058e37ff4205cf19,1332,gp3,64000,us-west-2,36,94.5312
i-0d65142f9f8fda79,705,gp2,16000,us-east-1,101,106.356
i-554c8a5e7dd7f706,520,gp2,16000,eu-central-1,282,99.19733333333333
i-599550857cfe84e9,1020,io2,64000,us-east-1,86,43.416000000000004
i-b939d71594748650,1085,io2,3000,us-east-1,4,37.434666666666665
i-033336c9da8ccd97,1403,io2,64000,eu-central-1,223,70.18906666666666
i-8d63ab7e3c19ee5b,785,gp2,16000,us-east-1,338,140.97866666666667
i-1d2c0a16f8cb2a49,833,io2,3000,us-east-1,166,45.03306666666667
i-10cc50512df3f024,1017,st1,3000,us-west-2,344,468.32
i-933cfd20d039a47a,407,gp3,64000,us-east-1,278,55.58453333333333
i-76bac0751e299841,1021,st1,16000,us-west-2,130,448.62666666666667
i-2cb06baac943c0bf,1481,io2,64000,eu-central-1,31,53.65146666666667
i-ea4baeffa020a1ab,717,gp3,64000,eu-central-1,11,50.0472
i-e71cf3ad88a78b44,422,gp3,64000,us-west-2,302,59.00853333333333
i-23ac611bedf91337,1081,gp3,3000,eu-central-1,96,83.39626666666666
i-8c7a20d150da2516,1195,gp2,3000,us-east-1,190,182.15733333333336
i-c6c5a49666177056,1421,gp3,16000,us-east-1,192,116.20693333333334
i-3d8066ede542cda2,725,gp3,16000,us-east-1,266,76.09333333333333
i-55f4ad9d6a618c3c,139,io2,64000,eu-central-1,128,17.544533333333334
i-a06ddc65799101ae,1721,st1,64000,us-east-1,238,758.0933333333332
i-2b90a8b60879d711,747,io2,64000,eu-central-1,355,60.9976
i-b983989218efab7d,1389,gp2,16000,us-east-1,112,200.8448
i-7a2e65bcb7607592,1251,gp2,3000,us-west-2,316,202.40319999999997
i-9ae526eef3563034,589,gp2,3000,eu-central-1,343,114.71813333333333
i-74f13db7c3626f3a,781,gp3,64000,eu-central-1,145,67.81626666666668
i-fdf5e24b8555d8c1,918,io2,64000,us-east-1,65,37.8344
i-0fba15c24f5de4f3,90,st1,64000,eu-central-1,247,63.1
i-d382ed5c57f63cb0,789,gp3,64000,eu-central-1,223,76.1624
i-96e94cb91b3fc108,1777,st1,16000,us-west-2,313,789.4866666666666
i-e1e9948528cb7f4f,1996,io2,3000,us-west-2,106,78.73013333333333
i-89afbb28a9cfa92c,551,gp3,64000,us-east-1,181,55.714933333333335
i-c3e55c43e667f202,1008,io2,16000,us-west-2,184,52.8064
i-33406b48dd61516d,1218,gp3,64000,us-east-1,226,105.74879999999999
i-339784daadaf2a2a,1274,gp2,64000,us-east-1,265,200.44346666666667
i-289078b6dd74a3b8,978,gp3,3000,us-east-1,278,94.56479999999999
i-91cd84741a2afb6a,1797,gp3,64000,eu-central-1,89,131.5752
i-6a1651d37e5de929,510,gp3,3000,us-west-2,176,52.416000000000004
i-b22d583f6d08875f,781,gp3,3000,us-east-1,18,55.11626666666667
i-8047fbb9494a1129,801,gp3,3000,us-west-2,106,65.2816
i-810e26a6a5b95129,974,gp3,16000,us-east-1,271,93.59173333333334
i-c79c58e5884e5771,958,gp3,16000,us-west-2,319,97.29946666666667
i-a9fc40769008e0d9,1631,gp3,3000,us-west-2,167,128.04293333333334
i-4d7d65de020a7377,1620,gp3,64000,us-east-1,13,111.89200000000001
i-3ed26f0fbf58a10b,1326,gp3,3000,eu-central-1,337,124.22160000000001
i-fe69e042cc6758e9,439,gp2,64000,us-west-2,32,63.138133333333336
i-c281678507e01f62,1667,gp3,3000,eu-central-1,40,117.80053333333333
i-e2ed20f618ea0e39,932,gp2,64000,eu-central-1,148,142.04906666666668
i-b9082542ffe14e2e,305,gp3,16000,us-east-1,218,42.62133333333333
i-1c2406be8cab57c6,758,io2,64000,us-east-1,219,47.773066666666665
i-78cc09ae1806747a,1888,gp3,3000,us-east-1,82,137.08746666666664
i-dff026986949fe0f,1994,gp3,16000,us-west-2,333,169.42373333333333
i-6ecd199c70aa700c,499,st1,64000,us-east-1,208,233.70666666666668
i-71e222fb7243d955,59,io2,64000,us-east-1,201,22.113866666666667
i-de379ab19c2864f7,873,st1,64000,us-west-2,332,405.67999999999995
i-b3898a7103764372,847,io2,64000,us-west-2,38,32.71093333333333
i-20943baaced17f3f,1315,gp2,64000,us-east-1,211,200.6413333333333
i-c95ea01950f48e4c,1324,gp2,16000,us-east-1,327,213.47013333333337
i-d5bfe81b6df75a9d,926,gp3,16000,us-east-1,249,88.11493333333334
i-82babda838115f32,1078,gp2,16000,us-east-1,227,169.88293333333337
i-c9d4a1b11ccdc0be,1192,gp3,16000,eu-central-1,48,86.17386666666665
i-24742b63ef0e4b4f,1065,gp3,3000,eu-central-1,18,74.50399999999999
i-cf035566ec0c6570,1874,gp3,16000,us-east-1,295,157.43173333333334
i-88e7d44c0967b7a9,423,io2,64000,eu-central-1,196,34.0384
i-80809fb2fc74adb3,1138,io2,64000,us-west-2,187,57.543733333333336
i-42b71ea9b1685a16,195,gp3,16000,eu-central-1,345,47.812
i-496c69933aba250d,273,io2,64000,eu-central-1,224,31.718400000000003
i-ec8aea47182d31e9,1312,gp3,16000,us-east-1,318,121.36586666666666
i-95bef53750e56349,226,io2,64000,eu-central-1,337,41.41413333333334
i-4f036d48e3aeac37,1852,gp2,3000,eu-central-1,229,275.7597333333333
i-5a0c51c49f58ffe3,902,st1,3000,eu-central-1,77,392.55333333333334
i-3be99dda843866fd,1355,gp3,16000,eu-central-1,188,111.30133333333333
i-4c8ca308d8b1b3cb,112,gp3,16000,us-west-2,346,42.24586666666667
i-051f38824ad71ae6,1290,gp2,16000,us-east-1,270,203.12800000000001
i-383565c462a5f5e2,1927,gp3,64000,us-east-1,95,141.04986666666667
